<?xml version="1.0"?>
<doc>
    <assembly>
        <name>Microsoft.Extensions.Logging.Configuration</name>
    </assembly>
    <members>
        <member name="T:Microsoft.Extensions.Logging.Configuration.ILoggerProviderConfiguration`1">
            <summary>
            Allows access to configuration section associated with logger provider.
            </summary>
            <typeparam name="T">The type of logger provider to get configuration for.</typeparam>
        </member>
        <member name="P:Microsoft.Extensions.Logging.Configuration.ILoggerProviderConfiguration`1.Configuration">
            <summary>
            Gets the configuration section for the requested logger provider.
            </summary>
        </member>
        <member name="T:Microsoft.Extensions.Logging.Configuration.ILoggerProviderConfigurationFactory">
            <summary>
            Allows access to configuration section associated with logger provider
            </summary>
        </member>
        <member name="M:Microsoft.Extensions.Logging.Configuration.ILoggerProviderConfigurationFactory.GetConfiguration(System.Type)">
            <summary>
            Returns the configuration section associated with the logger provider.
            </summary>
            <param name="providerType">The logger provider type.</param>
            <returns>The <see cref="T:Microsoft.Extensions.Configuration.IConfiguration"/> for the given <paramref name="providerType" />.</returns>
        </member>
        <member name="T:Microsoft.Extensions.Logging.Configuration.LoggerProviderOptions">
            <summary>
            Provides a set of helpers to initialize options objects from logger provider configuration.
            </summary>
        </member>
        <member name="M:Microsoft.Extensions.Logging.Configuration.LoggerProviderOptions.RegisterProviderOptions``2(Microsoft.Extensions.DependencyInjection.IServiceCollection)">
            <summary>
            Indicates that settings for <typeparamref name="TProvider"/> should be loaded into <typeparamref name="TOptions"/> type.
            </summary>
            <param name="services">The <see cref="T:Microsoft.Extensions.DependencyInjection.IServiceCollection"/> to register on.</param>
            <typeparam name="TOptions">The options class.</typeparam>
            <typeparam name="TProvider">The provider class.</typeparam>
        </member>
        <member name="T:Microsoft.Extensions.Logging.Configuration.LoggerProviderConfigureOptions`2">
            <summary>
            Loads settings for <typeparamref name="TProvider"/> into <typeparamref name="TOptions"/> type.
            </summary>
        </member>
        <member name="T:Microsoft.Extensions.Logging.Configuration.LoggerProviderOptionsChangeTokenSource`2">
            <inheritdoc />
        </member>
        <member name="M:Microsoft.Extensions.Logging.Configuration.LoggerProviderOptionsChangeTokenSource`2.#ctor(Microsoft.Extensions.Logging.Configuration.ILoggerProviderConfiguration{`1})">
            <summary>
            Initializes a new instance of the <see cref="T:Microsoft.Extensions.Logging.Configuration.LoggerProviderOptionsChangeTokenSource`2"/> class.
            </summary>
        </member>
        <member name="T:Microsoft.Extensions.Logging.Configuration.LoggingBuilderConfigurationExtensions">
            <summary>
            Extension methods for setting up logging services in an <see cref="T:Microsoft.Extensions.Logging.ILoggingBuilder" />.
            </summary>
        </member>
        <member name="M:Microsoft.Extensions.Logging.Configuration.LoggingBuilderConfigurationExtensions.AddConfiguration(Microsoft.Extensions.Logging.ILoggingBuilder)">
            <summary>
            Adds services required to consume <see cref="T:Microsoft.Extensions.Logging.Configuration.ILoggerProviderConfigurationFactory"/> or <see cref="T:Microsoft.Extensions.Logging.Configuration.ILoggerProviderConfiguration`1"/>
            </summary>
            <param name="builder">The <see cref="T:Microsoft.Extensions.Logging.ILoggingBuilder"/> to register services on.</param>
        </member>
        <member name="T:Microsoft.Extensions.Logging.LoggingBuilderExtensions">
            <summary>
            Extension methods for setting up logging services in an <see cref="T:Microsoft.Extensions.Logging.ILoggingBuilder" />.
            </summary>
        </member>
        <member name="M:Microsoft.Extensions.Logging.LoggingBuilderExtensions.AddConfiguration(Microsoft.Extensions.Logging.ILoggingBuilder,Microsoft.Extensions.Configuration.IConfiguration)">
            <summary>
            Configures <see cref="T:Microsoft.Extensions.Logging.LoggerFilterOptions" /> from an instance of <see cref="T:Microsoft.Extensions.Configuration.IConfiguration" />.
            </summary>
            <param name="builder">The <see cref="T:Microsoft.Extensions.Logging.ILoggingBuilder"/> to use.</param>
            <param name="configuration">The <see cref="T:Microsoft.Extensions.Configuration.IConfiguration" /> to add.</param>
            <returns>The builder.</returns>
        </member>
        <member name="M:Microsoft.Extensions.Configuration.Binder.SourceGeneration.BindingExtensions.GetValue``1(Microsoft.Extensions.Configuration.IConfiguration,System.String,``0)">
            <summary>Extracts the value with the specified key and converts it to the specified type.</summary>
        </member>
        <member name="M:System.ThrowHelper.ThrowIfNull(System.Object,System.String)">
            <summary>Throws an <see cref="T:System.ArgumentNullException"/> if <paramref name="argument"/> is null.</summary>
            <param name="argument">The reference type argument to validate as non-null.</param>
            <param name="paramName">The name of the parameter with which <paramref name="argument"/> corresponds.</param>
        </member>
        <member name="M:System.ThrowHelper.IfNullOrWhitespace(System.String,System.String)">
            <summary>
            Throws either an <see cref="T:System.ArgumentNullException"/> or an <see cref="T:System.ArgumentException"/>
            if the specified string is <see langword="null"/> or whitespace respectively.
            </summary>
            <param name="argument">String to be checked for <see langword="null"/> or whitespace.</param>
            <param name="paramName">The name of the parameter being checked.</param>
            <returns>The original value of <paramref name="argument"/>.</returns>
        </member>
        <member name="T:System.Runtime.InteropServices.LibraryImportAttribute">
            <summary>
            Attribute used to indicate a source generator should create a function for marshalling
            arguments instead of relying on the runtime to generate an equivalent marshalling function at run-time.
            </summary>
            <remarks>
            This attribute is meaningless if the source generator associated with it is not enabled.
            The current built-in source generator only supports C# and only supplies an implementation when
            applied to static, partial, non-generic methods.
            </remarks>
        </member>
        <member name="M:System.Runtime.InteropServices.LibraryImportAttribute.#ctor(System.String)">
            <summary>
            Initializes a new instance of the <see cref="T:System.Runtime.InteropServices.LibraryImportAttribute"/>.
            </summary>
            <param name="libraryName">Name of the library containing the import.</param>
        </member>
        <member name="P:System.Runtime.InteropServices.LibraryImportAttribute.LibraryName">
            <summary>
            Gets the name of the library containing the import.
            </summary>
        </member>
        <member name="P:System.Runtime.InteropServices.LibraryImportAttribute.EntryPoint">
            <summary>
            Gets or sets the name of the entry point to be called.
            </summary>
        </member>
        <member name="P:System.Runtime.InteropServices.LibraryImportAttribute.StringMarshalling">
            <summary>
            Gets or sets how to marshal string arguments to the method.
            </summary>
            <remarks>
            If this field is set to a value other than <see cref="F:System.Runtime.InteropServices.StringMarshalling.Custom" />,
            <see cref="P:System.Runtime.InteropServices.LibraryImportAttribute.StringMarshallingCustomType" /> must not be specified.
            </remarks>
        </member>
        <member name="P:System.Runtime.InteropServices.LibraryImportAttribute.StringMarshallingCustomType">
            <summary>
            Gets or sets the <see cref="T:System.Type"/> used to control how string arguments to the method are marshalled.
            </summary>
            <remarks>
            If this field is specified, <see cref="P:System.Runtime.InteropServices.LibraryImportAttribute.StringMarshalling" /> must not be specified
            or must be set to <see cref="F:System.Runtime.InteropServices.StringMarshalling.Custom" />.
            </remarks>
        </member>
        <member name="P:System.Runtime.InteropServices.LibraryImportAttribute.SetLastError">
            <summary>
            Gets or sets whether the callee sets an error (SetLastError on Windows or errno
            on other platforms) before returning from the attributed method.
            </summary>
        </member>
        <member name="T:System.Runtime.InteropServices.StringMarshalling">
            <summary>
            Specifies how strings should be marshalled for generated p/invokes
            </summary>
        </member>
        <member name="F:System.Runtime.InteropServices.StringMarshalling.Custom">
            <summary>
            Indicates the user is supplying a specific marshaller in <see cref="P:System.Runtime.InteropServices.LibraryImportAttribute.StringMarshallingCustomType"/>.
            </summary>
        </member>
        <member name="F:System.Runtime.InteropServices.StringMarshalling.Utf8">
            <summary>
            Use the platform-provided UTF-8 marshaller.
            </summary>
        </member>
        <member name="F:System.Runtime.InteropServices.StringMarshalling.Utf16">
            <summary>
            Use the platform-provided UTF-16 marshaller.
            </summary>
        </member>
        <member name="T:System.Diagnostics.CodeAnalysis.DynamicallyAccessedMembersAttribute">
             <summary>
             Indicates that certain members on a specified <see cref="T:System.Type"/> are accessed dynamically,
             for example through <see cref="N:System.Reflection"/>.
             </summary>
             <remarks>
             This allows tools to understand which members are being accessed during the execution
             of a program.
            
             This attribute is valid on members whose type is <see cref="T:System.Type"/> or <see cref="T:System.String"/>.
            
             When this attribute is applied to a location of type <see cref="T:System.String"/>, the assumption is
             that the string represents a fully qualified type name.
            
             When this attribute is applied to a class, interface, or struct, the members specified
             can be accessed dynamically on <see cref="T:System.Type"/> instances returned from calling
             <see cref="M:System.Object.GetType"/> on instances of that class, interface, or struct.
            
             If the attribute is applied to a method it's treated as a special case and it implies
             the attribute should be applied to the "this" parameter of the method. As such the attribute
             should only be used on instance methods of types assignable to System.Type (or string, but no methods
             will use it there).
             </remarks>
        </member>
        <member name="M:System.Diagnostics.CodeAnalysis.DynamicallyAccessedMembersAttribute.#ctor(System.Diagnostics.CodeAnalysis.DynamicallyAccessedMemberTypes)">
            <summary>
            Initializes a new instance of the <see cref="T:System.Diagnostics.CodeAnalysis.DynamicallyAccessedMembersAttribute"/> class
            with the specified member types.
            </summary>
            <param name="memberTypes">The types of members dynamically accessed.</param>
        </member>
        <member name="P:System.Diagnostics.CodeAnalysis.DynamicallyAccessedMembersAttribute.MemberTypes">
            <summary>
            Gets the <see cref="T:System.Diagnostics.CodeAnalysis.DynamicallyAccessedMemberTypes"/> which specifies the type
            of members dynamically accessed.
            </summary>
        </member>
        <member name="T:System.Diagnostics.CodeAnalysis.DynamicallyAccessedMemberTypes">
             <summary>
             Specifies the types of members that are dynamically accessed.
            
             This enumeration has a <see cref="T:System.FlagsAttribute"/> attribute that allows a
             bitwise combination of its member values.
             </summary>
        </member>
        <member name="F:System.Diagnostics.CodeAnalysis.DynamicallyAccessedMemberTypes.None">
            <summary>
            Specifies no members.
            </summary>
        </member>
        <member name="F:System.Diagnostics.CodeAnalysis.DynamicallyAccessedMemberTypes.PublicParameterlessConstructor">
            <summary>
            Specifies the default, parameterless public constructor.
            </summary>
        </member>
        <member name="F:System.Diagnostics.CodeAnalysis.DynamicallyAccessedMemberTypes.PublicConstructors">
            <summary>
            Specifies all public constructors.
            </summary>
        </member>
        <member name="F:System.Diagnostics.CodeAnalysis.DynamicallyAccessedMemberTypes.NonPublicConstructors">
            <summary>
            Specifies all non-public constructors.
            </summary>
        </member>
        <member name="F:System.Diagnostics.CodeAnalysis.DynamicallyAccessedMemberTypes.PublicMethods">
            <summary>
            Specifies all public methods.
            </summary>
        </member>
        <member name="F:System.Diagnostics.CodeAnalysis.DynamicallyAccessedMemberTypes.NonPublicMethods">
            <summary>
            Specifies all non-public methods.
            </summary>
        </member>
        <member name="F:System.Diagnostics.CodeAnalysis.DynamicallyAccessedMemberTypes.PublicFields">
            <summary>
            Specifies all public fields.
            </summary>
        </member>
        <member name="F:System.Diagnostics.CodeAnalysis.DynamicallyAccessedMemberTypes.NonPublicFields">
            <summary>
            Specifies all non-public fields.
            </summary>
        </member>
        <member name="F:System.Diagnostics.CodeAnalysis.DynamicallyAccessedMemberTypes.PublicNestedTypes">
            <summary>
            Specifies all public nested types.
            </summary>
        </member>
        <member name="F:System.Diagnostics.CodeAnalysis.DynamicallyAccessedMemberTypes.NonPublicNestedTypes">
            <summary>
            Specifies all non-public nested types.
            </summary>
        </member>
        <member name="F:System.Diagnostics.CodeAnalysis.DynamicallyAccessedMemberTypes.PublicProperties">
            <summary>
            Specifies all public properties.
            </summary>
        </member>
        <member name="F:System.Diagnostics.CodeAnalysis.DynamicallyAccessedMemberTypes.NonPublicProperties">
            <summary>
            Specifies all non-public properties.
            </summary>
        </member>
        <member name="F:System.Diagnostics.CodeAnalysis.DynamicallyAccessedMemberTypes.PublicEvents">
            <summary>
            Specifies all public events.
            </summary>
        </member>
        <member name="F:System.Diagnostics.CodeAnalysis.DynamicallyAccessedMemberTypes.NonPublicEvents">
            <summary>
            Specifies all non-public events.
            </summary>
        </member>
        <member name="F:System.Diagnostics.CodeAnalysis.DynamicallyAccessedMemberTypes.Interfaces">
            <summary>
            Specifies all interfaces implemented by the type.
            </summary>
        </member>
        <member name="F:System.Diagnostics.CodeAnalysis.DynamicallyAccessedMemberTypes.All">
            <summary>
            Specifies all members.
            </summary>
        </member>
        <member name="T:System.Diagnostics.CodeAnalysis.RequiresUnreferencedCodeAttribute">
            <summary>
            Indicates that the specified method requires dynamic access to code that is not referenced
            statically, for example through <see cref="N:System.Reflection"/>.
            </summary>
            <remarks>
            This allows tools to understand which methods are unsafe to call when removing unreferenced
            code from an application.
            </remarks>
        </member>
        <member name="M:System.Diagnostics.CodeAnalysis.RequiresUnreferencedCodeAttribute.#ctor(System.String)">
            <summary>
            Initializes a new instance of the <see cref="T:System.Diagnostics.CodeAnalysis.RequiresUnreferencedCodeAttribute"/> class
            with the specified message.
            </summary>
            <param name="message">
            A message that contains information about the usage of unreferenced code.
            </param>
        </member>
        <member name="P:System.Diagnostics.CodeAnalysis.RequiresUnreferencedCodeAttribute.Message">
            <summary>
            Gets a message that contains information about the usage of unreferenced code.
            </summary>
        </member>
        <member name="P:System.Diagnostics.CodeAnalysis.RequiresUnreferencedCodeAttribute.Url">
            <summary>
            Gets or sets an optional URL that contains more information about the method,
            why it requires unreferenced code, and what options a consumer has to deal with it.
            </summary>
        </member>
        <member name="T:System.Diagnostics.CodeAnalysis.RequiresDynamicCodeAttribute">
            <summary>
            Indicates that the specified method requires the ability to generate new code at runtime,
            for example through <see cref="N:System.Reflection"/>.
            </summary>
            <remarks>
            This allows tools to understand which methods are unsafe to call when compiling ahead of time.
            </remarks>
        </member>
        <member name="M:System.Diagnostics.CodeAnalysis.RequiresDynamicCodeAttribute.#ctor(System.String)">
            <summary>
            Initializes a new instance of the <see cref="T:System.Diagnostics.CodeAnalysis.RequiresDynamicCodeAttribute"/> class
            with the specified message.
            </summary>
            <param name="message">
            A message that contains information about the usage of dynamic code.
            </param>
        </member>
        <member name="P:System.Diagnostics.CodeAnalysis.RequiresDynamicCodeAttribute.Message">
            <summary>
            Gets a message that contains information about the usage of dynamic code.
            </summary>
        </member>
        <member name="P:System.Diagnostics.CodeAnalysis.RequiresDynamicCodeAttribute.Url">
            <summary>
            Gets or sets an optional URL that contains more information about the method,
            why it requires dynamic code, and what options a consumer has to deal with it.
            </summary>
        </member>
        <member name="T:System.Diagnostics.CodeAnalysis.AllowNullAttribute">
            <summary>Specifies that null is allowed as an input even if the corresponding type disallows it.</summary>
        </member>
        <member name="T:System.Diagnostics.CodeAnalysis.DisallowNullAttribute">
            <summary>Specifies that null is disallowed as an input even if the corresponding type allows it.</summary>
        </member>
        <member name="T:System.Diagnostics.CodeAnalysis.MaybeNullAttribute">
            <summary>Specifies that an output may be null even if the corresponding type disallows it.</summary>
        </member>
        <member name="T:System.Diagnostics.CodeAnalysis.NotNullAttribute">
            <summary>Specifies that an output will not be null even if the corresponding type allows it. Specifies that an input argument was not null when the call returns.</summary>
        </member>
        <member name="T:System.Diagnostics.CodeAnalysis.MaybeNullWhenAttribute">
            <summary>Specifies that when a method returns <see cref="P:System.Diagnostics.CodeAnalysis.MaybeNullWhenAttribute.ReturnValue"/>, the parameter may be null even if the corresponding type disallows it.</summary>
        </member>
        <member name="M:System.Diagnostics.CodeAnalysis.MaybeNullWhenAttribute.#ctor(System.Boolean)">
            <summary>Initializes the attribute with the specified return value condition.</summary>
            <param name="returnValue">
            The return value condition. If the method returns this value, the associated parameter may be null.
            </param>
        </member>
        <member name="P:System.Diagnostics.CodeAnalysis.MaybeNullWhenAttribute.ReturnValue">
            <summary>Gets the return value condition.</summary>
        </member>
        <member name="T:System.Diagnostics.CodeAnalysis.NotNullWhenAttribute">
            <summary>Specifies that when a method returns <see cref="P:System.Diagnostics.CodeAnalysis.NotNullWhenAttribute.ReturnValue"/>, the parameter will not be null even if the corresponding type allows it.</summary>
        </member>
        <member name="M:System.Diagnostics.CodeAnalysis.NotNullWhenAttribute.#ctor(System.Boolean)">
            <summary>Initializes the attribute with the specified return value condition.</summary>
            <param name="returnValue">
            The return value condition. If the method returns this value, the associated parameter will not be null.
            </param>
        </member>
        <member name="P:System.Diagnostics.CodeAnalysis.NotNullWhenAttribute.ReturnValue">
            <summary>Gets the return value condition.</summary>
        </member>
        <member name="T:System.Diagnostics.CodeAnalysis.NotNullIfNotNullAttribute">
            <summary>Specifies that the output will be non-null if the named parameter is non-null.</summary>
        </member>
        <member name="M:System.Diagnostics.CodeAnalysis.NotNullIfNotNullAttribute.#ctor(System.String)">
            <summary>Initializes the attribute with the associated parameter name.</summary>
            <param name="parameterName">
            The associated parameter name.  The output will be non-null if the argument to the parameter specified is non-null.
            </param>
        </member>
        <member name="P:System.Diagnostics.CodeAnalysis.NotNullIfNotNullAttribute.ParameterName">
            <summary>Gets the associated parameter name.</summary>
        </member>
        <member name="T:System.Diagnostics.CodeAnalysis.DoesNotReturnAttribute">
            <summary>Applied to a method that will never return under any circumstance.</summary>
        </member>
        <member name="T:System.Diagnostics.CodeAnalysis.DoesNotReturnIfAttribute">
            <summary>Specifies that the method will not return if the associated Boolean parameter is passed the specified value.</summary>
        </member>
        <member name="M:System.Diagnostics.CodeAnalysis.DoesNotReturnIfAttribute.#ctor(System.Boolean)">
            <summary>Initializes the attribute with the specified parameter value.</summary>
            <param name="parameterValue">
            The condition parameter value. Code after the method will be considered unreachable by diagnostics if the argument to
            the associated parameter matches this value.
            </param>
        </member>
        <member name="P:System.Diagnostics.CodeAnalysis.DoesNotReturnIfAttribute.ParameterValue">
            <summary>Gets the condition parameter value.</summary>
        </member>
        <member name="T:System.Diagnostics.CodeAnalysis.MemberNotNullAttribute">
            <summary>Specifies that the method or property will ensure that the listed field and property members have not-null values.</summary>
        </member>
        <member name="M:System.Diagnostics.CodeAnalysis.MemberNotNullAttribute.#ctor(System.String)">
            <summary>Initializes the attribute with a field or property member.</summary>
            <param name="member">
            The field or property member that is promised to be not-null.
            </param>
        </member>
        <member name="M:System.Diagnostics.CodeAnalysis.MemberNotNullAttribute.#ctor(System.String[])">
            <summary>Initializes the attribute with the list of field and property members.</summary>
            <param name="members">
            The list of field and property members that are promised to be not-null.
            </param>
        </member>
        <member name="P:System.Diagnostics.CodeAnalysis.MemberNotNullAttribute.Members">
            <summary>Gets field or property member names.</summary>
        </member>
        <member name="T:System.Diagnostics.CodeAnalysis.MemberNotNullWhenAttribute">
            <summary>Specifies that the method or property will ensure that the listed field and property members have not-null values when returning with the specified return value condition.</summary>
        </member>
        <member name="M:System.Diagnostics.CodeAnalysis.MemberNotNullWhenAttribute.#ctor(System.Boolean,System.String)">
            <summary>Initializes the attribute with the specified return value condition and a field or property member.</summary>
            <param name="returnValue">
            The return value condition. If the method returns this value, the associated field or property member will not be null.
            </param>
            <param name="member">
            The field or property member that is promised to be not-null.
            </param>
        </member>
        <member name="M:System.Diagnostics.CodeAnalysis.MemberNotNullWhenAttribute.#ctor(System.Boolean,System.String[])">
            <summary>Initializes the attribute with the specified return value condition and list of field and property members.</summary>
            <param name="returnValue">
            The return value condition. If the method returns this value, the associated field and property members will not be null.
            </param>
            <param name="members">
            The list of field and property members that are promised to be not-null.
            </param>
        </member>
        <member name="P:System.Diagnostics.CodeAnalysis.MemberNotNullWhenAttribute.ReturnValue">
            <summary>Gets the return value condition.</summary>
        </member>
        <member name="P:System.Diagnostics.CodeAnalysis.MemberNotNullWhenAttribute.Members">
            <summary>Gets field or property member names.</summary>
        </member>
        <member name="P:System.SR.ValueNotSupported">
            <summary>Configuration value '{0}' is not supported.</summary>
        </member>
    </members>
</doc>
