<?xml version="1.0"?>
<doc>
    <assembly>
        <name>Microsoft.Extensions.Logging.Debug</name>
    </assembly>
    <members>
        <member name="T:Microsoft.Extensions.Logging.Debug.DebugLogger">
            <summary>
            A logger that writes messages in the debug output window only when a debugger is attached.
            </summary>
        </member>
        <member name="M:Microsoft.Extensions.Logging.Debug.DebugLogger.#ctor(System.String)">
            <summary>
            Initializes a new instance of the <see cref="T:Microsoft.Extensions.Logging.Debug.DebugLogger"/> class.
            </summary>
            <param name="name">The name of the logger.</param>
        </member>
        <member name="M:Microsoft.Extensions.Logging.Debug.DebugLogger.BeginScope``1(``0)">
            <inheritdoc />
        </member>
        <member name="M:Microsoft.Extensions.Logging.Debug.DebugLogger.IsEnabled(Microsoft.Extensions.Logging.LogLevel)">
            <inheritdoc />
        </member>
        <member name="M:Microsoft.Extensions.Logging.Debug.DebugLogger.Log``1(Microsoft.Extensions.Logging.LogLevel,Microsoft.Extensions.Logging.EventId,``0,System.Exception,System.Func{``0,System.Exception,System.String})">
            <inheritdoc />
        </member>
        <member name="T:Microsoft.Extensions.Logging.Debug.DebugLoggerProvider">
            <summary>
            The provider for the <see cref="T:Microsoft.Extensions.Logging.Debug.DebugLogger"/>.
            </summary>
        </member>
        <member name="M:Microsoft.Extensions.Logging.Debug.DebugLoggerProvider.CreateLogger(System.String)">
            <inheritdoc />
        </member>
        <member name="M:Microsoft.Extensions.Logging.Debug.DebugLoggerProvider.Dispose">
            <inheritdoc />
        </member>
        <member name="T:Microsoft.Extensions.Logging.DebugLoggerFactoryExtensions">
            <summary>
            Extension methods for the <see cref="T:Microsoft.Extensions.Logging.ILoggerFactory"/> class.
            </summary>
        </member>
        <member name="M:Microsoft.Extensions.Logging.DebugLoggerFactoryExtensions.AddDebug(Microsoft.Extensions.Logging.ILoggerFactory,Microsoft.Extensions.Logging.LogLevel)">
            <summary>
            Adds a debug logger that is enabled for <see cref="T:Microsoft.Extensions.Logging.LogLevel"/>.Information or higher.
            </summary>
            <param name="factory">The extension method argument.</param>
            <param name="minLevel">The minimum <see cref="T:Microsoft.Extensions.Logging.LogLevel"/> to be logged.  This parameter is no longer honored and will be ignored.</param>
        </member>
        <member name="M:Microsoft.Extensions.Logging.DebugLoggerFactoryExtensions.AddDebug(Microsoft.Extensions.Logging.ILoggerFactory,System.Func{System.String,Microsoft.Extensions.Logging.LogLevel,System.Boolean})">
            <summary>
            Adds a debug logger that is enabled as defined by the filter function.
            </summary>
            <param name="factory">The extension method argument.</param>
            <param name="filter">The function used to filter events based on the log level. This parameter is no longer honored and is ignored.</param>
        </member>
        <member name="M:Microsoft.Extensions.Logging.DebugLoggerFactoryExtensions.AddDebug(Microsoft.Extensions.Logging.ILoggerFactory)">
            <summary>
            Adds a debug logger that is enabled for log levels of minLevel or higher.
            </summary>
            <param name="factory">The extension method argument.</param>
        </member>
        <member name="M:Microsoft.Extensions.Logging.DebugLoggerFactoryExtensions.AddDebug(Microsoft.Extensions.Logging.ILoggingBuilder)">
            <summary>
            Adds a debug logger named 'Debug' to the factory.
            </summary>
            <param name="builder">The extension method argument.</param>
        </member>
        <member name="T:Microsoft.Extensions.Logging.NullExternalScopeProvider">
            <summary>
            Scope provider that does nothing.
            </summary>
        </member>
        <member name="P:Microsoft.Extensions.Logging.NullExternalScopeProvider.Instance">
            <summary>
            Returns a cached instance of <see cref="T:Microsoft.Extensions.Logging.NullExternalScopeProvider"/>.
            </summary>
        </member>
        <member name="M:Microsoft.Extensions.Logging.NullExternalScopeProvider.Microsoft#Extensions#Logging#IExternalScopeProvider#ForEachScope``1(System.Action{System.Object,``0},``0)">
            <inheritdoc />
        </member>
        <member name="M:Microsoft.Extensions.Logging.NullExternalScopeProvider.Microsoft#Extensions#Logging#IExternalScopeProvider#Push(System.Object)">
            <inheritdoc />
        </member>
        <member name="T:Microsoft.Extensions.Logging.NullScope">
            <summary>
            An empty scope without any logic
            </summary>
        </member>
        <member name="M:Microsoft.Extensions.Logging.NullScope.Dispose">
            <inheritdoc />
        </member>
        <member name="M:System.ThrowHelper.ThrowIfNull(System.Object,System.String)">
            <summary>Throws an <see cref="T:System.ArgumentNullException"/> if <paramref name="argument"/> is null.</summary>
            <param name="argument">The reference type argument to validate as non-null.</param>
            <param name="paramName">The name of the parameter with which <paramref name="argument"/> corresponds.</param>
        </member>
        <member name="M:System.ThrowHelper.IfNullOrWhitespace(System.String,System.String)">
            <summary>
            Throws either an <see cref="T:System.ArgumentNullException"/> or an <see cref="T:System.ArgumentException"/>
            if the specified string is <see langword="null"/> or whitespace respectively.
            </summary>
            <param name="argument">String to be checked for <see langword="null"/> or whitespace.</param>
            <param name="paramName">The name of the parameter being checked.</param>
            <returns>The original value of <paramref name="argument"/>.</returns>
        </member>
        <member name="T:System.Runtime.InteropServices.LibraryImportAttribute">
            <summary>
            Attribute used to indicate a source generator should create a function for marshalling
            arguments instead of relying on the runtime to generate an equivalent marshalling function at run-time.
            </summary>
            <remarks>
            This attribute is meaningless if the source generator associated with it is not enabled.
            The current built-in source generator only supports C# and only supplies an implementation when
            applied to static, partial, non-generic methods.
            </remarks>
        </member>
        <member name="M:System.Runtime.InteropServices.LibraryImportAttribute.#ctor(System.String)">
            <summary>
            Initializes a new instance of the <see cref="T:System.Runtime.InteropServices.LibraryImportAttribute"/>.
            </summary>
            <param name="libraryName">Name of the library containing the import.</param>
        </member>
        <member name="P:System.Runtime.InteropServices.LibraryImportAttribute.LibraryName">
            <summary>
            Gets the name of the library containing the import.
            </summary>
        </member>
        <member name="P:System.Runtime.InteropServices.LibraryImportAttribute.EntryPoint">
            <summary>
            Gets or sets the name of the entry point to be called.
            </summary>
        </member>
        <member name="P:System.Runtime.InteropServices.LibraryImportAttribute.StringMarshalling">
            <summary>
            Gets or sets how to marshal string arguments to the method.
            </summary>
            <remarks>
            If this field is set to a value other than <see cref="F:System.Runtime.InteropServices.StringMarshalling.Custom" />,
            <see cref="P:System.Runtime.InteropServices.LibraryImportAttribute.StringMarshallingCustomType" /> must not be specified.
            </remarks>
        </member>
        <member name="P:System.Runtime.InteropServices.LibraryImportAttribute.StringMarshallingCustomType">
            <summary>
            Gets or sets the <see cref="T:System.Type"/> used to control how string arguments to the method are marshalled.
            </summary>
            <remarks>
            If this field is specified, <see cref="P:System.Runtime.InteropServices.LibraryImportAttribute.StringMarshalling" /> must not be specified
            or must be set to <see cref="F:System.Runtime.InteropServices.StringMarshalling.Custom" />.
            </remarks>
        </member>
        <member name="P:System.Runtime.InteropServices.LibraryImportAttribute.SetLastError">
            <summary>
            Gets or sets whether the callee sets an error (SetLastError on Windows or errno
            on other platforms) before returning from the attributed method.
            </summary>
        </member>
        <member name="T:System.Runtime.InteropServices.StringMarshalling">
            <summary>
            Specifies how strings should be marshalled for generated p/invokes
            </summary>
        </member>
        <member name="F:System.Runtime.InteropServices.StringMarshalling.Custom">
            <summary>
            Indicates the user is supplying a specific marshaller in <see cref="P:System.Runtime.InteropServices.LibraryImportAttribute.StringMarshallingCustomType"/>.
            </summary>
        </member>
        <member name="F:System.Runtime.InteropServices.StringMarshalling.Utf8">
            <summary>
            Use the platform-provided UTF-8 marshaller.
            </summary>
        </member>
        <member name="F:System.Runtime.InteropServices.StringMarshalling.Utf16">
            <summary>
            Use the platform-provided UTF-16 marshaller.
            </summary>
        </member>
        <member name="T:System.Diagnostics.CodeAnalysis.AllowNullAttribute">
            <summary>Specifies that null is allowed as an input even if the corresponding type disallows it.</summary>
        </member>
        <member name="T:System.Diagnostics.CodeAnalysis.DisallowNullAttribute">
            <summary>Specifies that null is disallowed as an input even if the corresponding type allows it.</summary>
        </member>
        <member name="T:System.Diagnostics.CodeAnalysis.MaybeNullAttribute">
            <summary>Specifies that an output may be null even if the corresponding type disallows it.</summary>
        </member>
        <member name="T:System.Diagnostics.CodeAnalysis.NotNullAttribute">
            <summary>Specifies that an output will not be null even if the corresponding type allows it. Specifies that an input argument was not null when the call returns.</summary>
        </member>
        <member name="T:System.Diagnostics.CodeAnalysis.MaybeNullWhenAttribute">
            <summary>Specifies that when a method returns <see cref="P:System.Diagnostics.CodeAnalysis.MaybeNullWhenAttribute.ReturnValue"/>, the parameter may be null even if the corresponding type disallows it.</summary>
        </member>
        <member name="M:System.Diagnostics.CodeAnalysis.MaybeNullWhenAttribute.#ctor(System.Boolean)">
            <summary>Initializes the attribute with the specified return value condition.</summary>
            <param name="returnValue">
            The return value condition. If the method returns this value, the associated parameter may be null.
            </param>
        </member>
        <member name="P:System.Diagnostics.CodeAnalysis.MaybeNullWhenAttribute.ReturnValue">
            <summary>Gets the return value condition.</summary>
        </member>
        <member name="T:System.Diagnostics.CodeAnalysis.NotNullWhenAttribute">
            <summary>Specifies that when a method returns <see cref="P:System.Diagnostics.CodeAnalysis.NotNullWhenAttribute.ReturnValue"/>, the parameter will not be null even if the corresponding type allows it.</summary>
        </member>
        <member name="M:System.Diagnostics.CodeAnalysis.NotNullWhenAttribute.#ctor(System.Boolean)">
            <summary>Initializes the attribute with the specified return value condition.</summary>
            <param name="returnValue">
            The return value condition. If the method returns this value, the associated parameter will not be null.
            </param>
        </member>
        <member name="P:System.Diagnostics.CodeAnalysis.NotNullWhenAttribute.ReturnValue">
            <summary>Gets the return value condition.</summary>
        </member>
        <member name="T:System.Diagnostics.CodeAnalysis.NotNullIfNotNullAttribute">
            <summary>Specifies that the output will be non-null if the named parameter is non-null.</summary>
        </member>
        <member name="M:System.Diagnostics.CodeAnalysis.NotNullIfNotNullAttribute.#ctor(System.String)">
            <summary>Initializes the attribute with the associated parameter name.</summary>
            <param name="parameterName">
            The associated parameter name.  The output will be non-null if the argument to the parameter specified is non-null.
            </param>
        </member>
        <member name="P:System.Diagnostics.CodeAnalysis.NotNullIfNotNullAttribute.ParameterName">
            <summary>Gets the associated parameter name.</summary>
        </member>
        <member name="T:System.Diagnostics.CodeAnalysis.DoesNotReturnAttribute">
            <summary>Applied to a method that will never return under any circumstance.</summary>
        </member>
        <member name="T:System.Diagnostics.CodeAnalysis.DoesNotReturnIfAttribute">
            <summary>Specifies that the method will not return if the associated Boolean parameter is passed the specified value.</summary>
        </member>
        <member name="M:System.Diagnostics.CodeAnalysis.DoesNotReturnIfAttribute.#ctor(System.Boolean)">
            <summary>Initializes the attribute with the specified parameter value.</summary>
            <param name="parameterValue">
            The condition parameter value. Code after the method will be considered unreachable by diagnostics if the argument to
            the associated parameter matches this value.
            </param>
        </member>
        <member name="P:System.Diagnostics.CodeAnalysis.DoesNotReturnIfAttribute.ParameterValue">
            <summary>Gets the condition parameter value.</summary>
        </member>
        <member name="T:System.Diagnostics.CodeAnalysis.MemberNotNullAttribute">
            <summary>Specifies that the method or property will ensure that the listed field and property members have not-null values.</summary>
        </member>
        <member name="M:System.Diagnostics.CodeAnalysis.MemberNotNullAttribute.#ctor(System.String)">
            <summary>Initializes the attribute with a field or property member.</summary>
            <param name="member">
            The field or property member that is promised to be not-null.
            </param>
        </member>
        <member name="M:System.Diagnostics.CodeAnalysis.MemberNotNullAttribute.#ctor(System.String[])">
            <summary>Initializes the attribute with the list of field and property members.</summary>
            <param name="members">
            The list of field and property members that are promised to be not-null.
            </param>
        </member>
        <member name="P:System.Diagnostics.CodeAnalysis.MemberNotNullAttribute.Members">
            <summary>Gets field or property member names.</summary>
        </member>
        <member name="T:System.Diagnostics.CodeAnalysis.MemberNotNullWhenAttribute">
            <summary>Specifies that the method or property will ensure that the listed field and property members have not-null values when returning with the specified return value condition.</summary>
        </member>
        <member name="M:System.Diagnostics.CodeAnalysis.MemberNotNullWhenAttribute.#ctor(System.Boolean,System.String)">
            <summary>Initializes the attribute with the specified return value condition and a field or property member.</summary>
            <param name="returnValue">
            The return value condition. If the method returns this value, the associated field or property member will not be null.
            </param>
            <param name="member">
            The field or property member that is promised to be not-null.
            </param>
        </member>
        <member name="M:System.Diagnostics.CodeAnalysis.MemberNotNullWhenAttribute.#ctor(System.Boolean,System.String[])">
            <summary>Initializes the attribute with the specified return value condition and list of field and property members.</summary>
            <param name="returnValue">
            The return value condition. If the method returns this value, the associated field and property members will not be null.
            </param>
            <param name="members">
            The list of field and property members that are promised to be not-null.
            </param>
        </member>
        <member name="P:System.Diagnostics.CodeAnalysis.MemberNotNullWhenAttribute.ReturnValue">
            <summary>Gets the return value condition.</summary>
        </member>
        <member name="P:System.Diagnostics.CodeAnalysis.MemberNotNullWhenAttribute.Members">
            <summary>Gets field or property member names.</summary>
        </member>
    </members>
</doc>
